<?xml version="1.0" encoding="UTF-8" standalone="yes"?>
<addon id="repository.jarvisbox" name="[COLOR white].JarvisBox Repo[/COLOR]" version="1.0.1" provider-name="JarvisBox">
	<extension point="xbmc.addon.repository" name="[COLOR white].JarvisBox Repo[/COLOR]">
		<info compressed="false">https://raw.githubusercontent.com/Jarvisbox/repo/master/addons.xml</info>
		<checksum>https://raw.githubusercontent.com/Jarvisbox/repo/master/addons.xml.md5</checksum>
		<datadir zip="true">https://raw.githubusercontent.com/Jarvisbox/repo/master/</datadir>
	</extension>
	<extension point="xbmc.addon.metadata">
		<summary></summary>
		<description>The Official JarvisBox Repo</description>
		<platform>all</platform>
	</extension>
</addon>

