<?xml version="1.0" encoding="UTF-8" standalone="yes"?>
<addon id="plugin.video.arnuboxhelp"
	name="Jarvis Box Guides" version="9999.0" provider-name="JarvisBox">
  <requires>
    <import addon="xbmc.python" version="2.1.0"/>
    <import addon="plugin.video.youtube" version="5.0.9"/>
  </requires>
  <extension point="xbmc.python.pluginsource" library="default.py">
    <provides>video</provides>
  </extension>
  <extension point="xbmc.addon.metadata">
    <summary lang="en">JarvisBox Help Guides</summary>
    <description lang="en">Video guides for JarvisBox</description>
    <platform>all</platform>
  </extension>
</addon>
