<?xml version="1.0" encoding="UTF-8" standalone="yes"?>
<addon id="script.jarvisbox.speedtestnet"
       name="JarvisBox SpeedTest"
       version="1.0.5"
       provider-name="JarvisBox">
  <requires>
    <import addon="xbmc.python" version="2.1.0"/>
  </requires>
  <extension point="xbmc.python.script"
             library="default.py">
        <provides>executable</provides>
  </extension>
  <extension point="xbmc.addon.metadata">
    <summary lang="en">JarvisBox SpeedTest</summary>
    <description lang="en">JarvisBox SpeedTest powered by speedtest.net will give you accurate Internet speed/ping test results.</description>
    <platform>all</platform>
  </extension>
</addon>
